[{"@type":"mappingTemplate","id":"@1","name":"m_loademp_to_Snowflake","description":"","autoExpireObject":false,"bundleVersion":"0","assetFrsGuid":"4gvjJdhlOMDgjG1IPas8o5","templateId":"@3","deployTime":1752584346000,"hasParameters":false,"valid":true,"fixedConnection":true,"hasParametersDeployed":false,"fixedConnectionDeployed":true,"isSchemaValidationEnabled":false,"tasks":1,"mappingPreviewFileRecordId":"@2","documentType":"MAPPING","allowMaxFieldLength":false,"references":[{"@type":"reference","refObjectId":"@7HZ9r9KPycwcCMatEcSpyH","refType":"connection"},{"@type":"reference","refObjectId":"@fAaibHELbQ6kkMSaKsquau","refType":"connection"}]}]