[{"@type":"mappingTemplate","id":"@1","name":"m_ff_to_ff","description":"","autoExpireObject":false,"bundleVersion":"0","assetFrsGuid":"3G6M0ehdv8OepAueykJFeM","templateId":"@3","deployTime":1745319131000,"hasParameters":false,"valid":true,"fixedConnection":true,"hasParametersDeployed":false,"fixedConnectionDeployed":true,"isSchemaValidationEnabled":false,"tasks":0,"mappingPreviewFileRecordId":"@2","documentType":"MAPPING","allowMaxFieldLength":false,"references":[{"@type":"reference","refObjectId":"@1hbjhCdD26djR2MwAvcjSt","refType":"connection"}]}]