[{"@type":"mappingTemplate","id":"@1","name":"01_m_Product_Detail","description":"","autoExpireObject":false,"bundleVersion":"0","assetFrsGuid":"fJqIogJ0SiulSBHIee0aUI","templateId":"@3","deployTime":1752971514000,"hasParameters":false,"valid":true,"fixedConnection":true,"hasParametersDeployed":false,"fixedConnectionDeployed":true,"isSchemaValidationEnabled":false,"tasks":1,"mappingPreviewFileRecordId":"@2","documentType":"MAPPING","allowMaxFieldLength":false,"references":[{"@type":"reference","refObjectId":"@kOZv2krzBuVcVM1ygvZX6P","refType":"connection"},{"@type":"reference","refObjectId":"@fAaibHELbQ6kkMSaKsquau","refType":"connection"},{"@type":"reference","refObjectId":"@14kZC5I9PjCl5Xf4WEQuqR","refType":"frsDocument"}]}]